module,question,answer,why,navigate,blocking,,,,,,,,,,
contacts,"Is the Lifecycle stage / Status transition on a contact subject to rules (e.g. required Lost reason, forbidden jumps) that I could not observe without saving?","If the Lifecycle stage is Lost, then Lost reason is mandatory, else no restrictions",Save of lifecycle editor not exercised,Contacts > <contact> > Overview > Lifecycle stage; flow change-lifecycle-stage,FALSE,,,,,,,,,,
contacts,"What do the bulk actions (Update field, Assign to, Add tags, More actions) do, and which are permitted for this role, on multiple records?","All Bulk actions which are visible to the user are permitted for the user. By RBAC design, if any action is not authorised for a user, then that respective CTAs are hidden to them.",Not executed to avoid touching pre-existing AgentTest contacts,Contacts > select row > Bulk actions; flow contact-bulk-actions,FALSE,,,,,,,,,,
contacts,What are the duplicate rules on Save: does creating a contact with an existing email get blocked or only warned?,Contacts with duplicate emails get blocked.,Only Check for duplicates with unique email was tried; duplicate creation would add pre-existing-adjacent data,Contacts > Add contact > Check for duplicates; flow create-contact,TRUE,,,,,,,,,,
contacts,What are the Import contacts file requirements and expected mapping behaviour?,"Import contact modal accepts CSV or xlsx files, Auto mapping will be done if there are any exact matches between the csv header and the Contact fields, else user can map the fields as per their needs. Any already auto mapped fields can also be changed by the user.",Imports out of scope,Contacts > Import contacts; flow import-contacts-entry,FALSE,,,,,,,,,,
dashboards,"Why does direct navigation to /crm/sales/my_dashboards often land on Contacts/Deals/Accounts (browser appeared shared with other explorers, or app restores last module)?",This appears to be a false observation. Navigating directly via URL appears to open the right My dashboards module,Affects reliability of test navigation; could not separate app behaviour from shared-browser interference.,Dashboards > open-dashboards,FALSE,,,,,,,,,,
dashboards,Can custom (non-curated) dashboards be created and are widgets editable? Only curated reports were observed; Edit exposed just Discard and filters.,Curated Dashboards can be edited. Custom Dashboards can be created by choosing any reports that are already created through the analytics module.,Trial plan may gate custom dashboards.,Dashboards > + > edit-curated-dashboard,FALSE,,,,,,,,,,
dashboards,"What do Email Now / Download export and 'Create new activity' do, and are they safe in test runs?","These are safe in test runs. Email - sends the report via email to the current logged in user. Export directly downloads the file to the user machine.""accounts""",Not exercised (email send / config mutation).,Dashboards > export-dashboard,FALSE,"Does deleting an account with the checkbox 'Delete all the related contacts and deals' also soft-delete those into their Recycle Bins, and can they be restored together?",Only the checkbox-off path was exercised to avoid touching contacts/deals,Accounts > <account> > kebab > Delete; flow delete-account,FALSE,,,,,,
accounts,Should the Phone field reject non-numeric input such as 'abc'? It was accepted without an error in the Add account form.,"It should reject, if the application accepts, then create a bug and add a playwright test that fails intentionally during the playwright automation script agent",Possible missing validation versus intended behaviour,Accounts > Add account > Show all fields > Phone; flow create-account,FALSE,,,,,,,,,,
accounts,"Are duplicate account names allowed, and what does 'Check for duplicates' / Clone do on save when the name already exists?",Duplicate account name not allowed,Clone save and duplicate check were not executed,Accounts > <account> > kebab > Clone; flow clone-account,FALSE,,,,,,,,,,
accounts,"Can new tags be created from the account Tags field, or only chosen from existing tags defined elsewhere?",Can be created newly,Free-text tag with Enter did not create a tag,Accounts > <account> > Click to add tags; flow add-account-tag,FALSE,,,,,,,,,,
accounts,Bulk actions immediately selects all rows when clicked with none selected; is this intended and what is the Cancel button behaviour when the filter drawer is open (clipped)?,"It is the intended behaviour, cancel behaviour must close the filter drawer while retaining the current filter",Select-all on open is risky for tests,Accounts > Bulk actions; flow bulk-select-accounts,FALSE,,,,,,,,,,
deals,Should a negative Deal value (e.g. -5) be accepted when creating a deal?,no,Create saved with deal value -5 and no validation message,Deals > Add deal > Deal value; flow create-deal-from-add-deal-button,FALSE,,,,,,,,,,
deals,"Is Lost reason intentionally optional when marking a deal Lost, and is it mandatory in any config?","It is mandatory , as defined by the field dependencies in Admin / Settings > Deal forms. It can be made optional through the admin setting",Save with empty Lost reason succeeded,Deals > <deal> > Won/Lost > Lost; flow mark-deal-lost,FALSE,,,,,,,,,,
deals,What do Bulk actions on deals offer and which are permitted for this role?,Permitted roles are defined by the Roles and Permissions settings in the admin. Bulk actions that are offered are the same set of actions that are displayed in the top bar when the bulk deals are selected,Not executed: button selects all rows,Deals > Table > Bulk actions; flow bulk-actions-deals,FALSE,,,,,,,,,,
deals,Should deal value stay editable manually once products are added (value was overridden to product total $100)?,"No , once products are added, deal value cannot be edited",Edited value 1250 became $100 after adding product,Deals > <deal> > Add product; flow add-product-to-deal,FALSE,,,,,,,,,,
conversations,Why does SMS template creation fail with 'Template creation failed' for a valid name and body - is SMS setup required first?,"SMS template creation might fail because of no SMS provider being setup. We can skip this case, but flag it for later",Blocks test generation for SMS template create,Conversations > SMS Templates > Create SMS template; flow create-sms-template,FALSE,,,,,,,,,,
conversations,Should the Inbox/Sent sample emails (seeded by Freshsales) be treated as stable test data?,no,"Tests may assert counts (3 inbox, 3+ sent)",Conversations > Inbox; flow browse-email-folders,FALSE,,,,,,,,,,
conversations,"Is a duplicate email-template name meant to be auto-suffixed with a timestamp, and should the template list refresh without reload after create?",yes,Observed quirk,Conversations > Email Templates > Create EMAIL template; flow create-email-template,FALSE,,,,,,,,,,
analytics,"Is moving a report to Trash recoverable and for how long, and can an org admin permanently delete or restore it from Trash?",4w 2d,Trash view not opened this run,Analytics > Trash; flow trash-report,FALSE,,,,,,,,,,
analytics,"Are Schedule frequencies other than Monthly and recipients other than the logged-in user permitted, and how are failed deliveries surfaced?",Scheduled frequencies other than monthly are permitter. Receipients other than login are permitted as long as the user is a Lead/Contact/Agent in the system,Valid schedule was not submitted to avoid recurring emails,Analytics > <report> > Export > Schedule report; flow schedule-report-validation,FALSE,,,,,,,,,,
analytics,"What validation rules apply to Custom Attribute formulas and Custom Metrics (allowed functions, name uniqueness, limits)?",Skip; flag for later,Save with empty fields result not captured; valid formula not exercised,Analytics > Settings > Custom Attributes > Create Attribute; flow create-custom-attribute-form,FALSE,,,,,,,,,,
sales-sequences,"Which of the exit and entry rules (e.g. enrollment limit, duplicate exclusion, Classic vs Smart schedule semantics) must tests verify, and can enrollment be tested without real contacts?","Enrolment cannot be tested without real contacts, Entry and exit rules are defined by the filter option that are present in the page",Enrollment and activation were not exercised (no safe contacts; Save and start would activate),Conversations > Sales Sequences > Create sales sequence; flow create-sales-sequence,TRUE,,,,,,,,,,
sales-sequences,Can the leftover sequence 'Explore Test Sequence' (id 402000016478) be deleted manually or via an approved delete?,Delete via an approved delete,Delete click was blocked by the permission classifier,Conversations > Sales Sequences > row actions > Delete; flow create-sales-sequence,FALSE,,,,,,,,,,
sales-activities,"Should Meetings, Call logs and custom activities be treated as creatable standalone, given Related to is mandatory for custom activities and call logs but optional for tasks? Confirm intended rule.",Related to is mandatory for custom activities and call logs but optional for tasks,Observed only via empty-save validation,"Quick-create (+) > Add call log / Add <custom activity>; flows open-add-call-log-form, add-custom-activity-from-quick-create",FALSE,,,,,,,,,,
sales-activities,What happens to existing activities/goals when a custom activity type is deleted (UI warns data is deleted permanently)?,All the custom activities get deleted,Only deleted a type with no data; cascade not observed,Admin Settings > Sales Activities > delete custom type; flow delete-custom-sales-activity-type,FALSE,,,,,,,,,,
sales-activities,Can a user without admin rights create/edit activity types or goals?,The rights are controlled by roles and permissions module under admin,Only Org Admin session available,Admin Settings > Sales Activities; flow create-custom-sales-activity-type,FALSE,,,,,,,,,,
sales-activities,"Is the call log Outcome field truly mandatory for all call logs, and does Meeting save send invitation emails to attendees?","Yes outcome is mandatory, meeting save will not send invitation emails",Call log and meeting saves were not executed (no owned record; invites would be emailed),Quick-create (+) > Add call log; flow open-add-call-log-form,TRUE,,,,,,,,,,
settings-data-model,"Does saving a new custom field/module/lifecycle stage enforce limits (max custom fields, trial plan limits) or reserved internal names, and what validation messages appear?","Limits are enforced, Find what are the limits by searching through the knowledge base",Save steps were blocked so validations were not observed,Admin Settings > Contacts > Add field > Text field; flow view-add-contact-field-options,TRUE,,,,,,,,,,
settings-data-model,Can the explorer be authorised to create and delete ZZ-Explore fields/tags in this admin area (the auto-mode classifier denied Save as shared-resource modification)?,yes,Needed for create/delete flows in full-run,Admin Settings > Tags > Add a tag; flow view-tags,TRUE,,,,,,,,,,
settings-data-model,Is the Email field on contacts mandatory on save despite the Required checkbox appearing unchecked (only Quick-add/Read-only/Unique badges seen)?,Either Email / mobile / External ID is mandatory,Ambiguous locked-state checkboxes,Admin Settings > Contacts > Email; flow view-contact-fields-list,FALSE,,,,,,,,,,
settings-data-model,What happens to existing contacts when a lifecycle stage is disabled or deleted?,Contacts move to the first lifecycle stage,Not observable without mutation,Admin Settings > Contact Lifecycle Stages; flow view-lifecycle-stages,FALSE,,,,,,,,,,
settings-pipelines-forecasting,"Where are quotas set? Quotas and Forecasting settings page shows only forecast categories, default category and Freddy toggles, with no quota entry UI.",Quotas and forecasting can be set by clicking on the Quotas and Forecasting CTA in the Deal list page ,Quota configuration not found within the settings page; may live under Analytics/Forecast or be plan/role-gated.,Admin Settings > Deals & Pipelines > Quotas and Forecasting; flow view-quotas-forecasting,TRUE,,,,,,,,,,
settings-pipelines-forecasting,"What validation rules apply on Create pipeline (duplicate name, minimum stages, probability ordering, stale days range) and what happens to deals when a pipeline is deleted?",The suggested validation rule applies; Pipeline cannot be deleted as long as a deal is tagged to it,Save was not exercised (tenant-shared admin config).,Admin Settings > Deals & Pipelines > Pipelines > Create pipeline; flow create-pipeline-form,TRUE,,,,,,,,,,
settings-pipelines-forecasting,"Which custom deal field types and limits apply (max custom fields, choice limits, formula syntax)? Add selected was denied so the field config form was not seen.",Do a manual exploration through explicit approval and find out;,Permission system denied Add selected; field form unobserved.,Admin Settings > Deals & Pipelines > Deals > Add field; flow add-deal-field-picker,FALSE,,,,,,,,,,
settings-teams-territories,"What validation messages appear for Add user (invalid/duplicate email), Create role, Create territory, Create team?",Do a manual exploration through explicit approval and find out;,Save was not exercised (view-only run),Users > Add user; flow open-add-user-form,FALSE,,,,,,,,,,
settings-teams-territories,Is Conversation Groups part of this module or the Conversations module?,Part of conversations module,Not present in Teams & Territories settings group; Sales Teams found instead,Admin Settings > Teams & Territories,FALSE,,,,,products-quotes,"Why do Quotes have no left-nav entry, and is the Quotes list (/crm/sales/cpq_documents/view/...) intended to be reachable only via URL/+ menu?",,Seen only after deleting a quote and via URL,Products > Quotes list,FALSE
products-quotes,"What are the rules for sending a quote (Send to customer): required fields ('2 fields to be filled'), stage transitions Draft > Sent > Accepted/Declined, and email behaviour?","The mandatory fields are highlighted in the page, fill them and retry send",Not executed: would email real addresses,Quote detail > Send to customer; flow view-quote-detail,TRUE,,,,,,,,,,
products-quotes,"When products are added to a quote (Add or edit products) with 'Add products to deals' on, does it overwrite the linked deal's amount and what does 'Sync quote with deal' change?",Yes it overrides,Saving would alter a pre-existing deal,Quote detail > Add or edit products; flow view-quote-detail,TRUE,,,,,,,,,,
products-quotes,Are duplicate product names or product codes blocked on create/clone?,Duplicate product names are blocked on create and clone,Clone accepted a changed name/code only; duplicates not tested,Products > Clone; flow clone-product,FALSE,,,,,,,,,,